<?xml version="1.0" encoding="iso-8859-1"?>
<rss version="2.0"><channel><title>Abdualrahman Allan</title><link>http://www.dalkescientific.com/Python/PyRSS2Gen.html</link><description>The latest news about PyRSS2Gen, Python library for generating RSS2 feeds</description><lastBuildDate>Fri, 09 Apr 2021 09:49:57 GMT</lastBuildDate><generator>PyRSS2Gen-1.1.0</generator><docs>http://blogs.law.harvard.edu/tech/rss</docs><item><title>Nursing Students Administer COVID-19 Vaccines</title><link>https://www.monmouth.edu/news/nursing-students-administer-covid-19-vaccines/</link><description></description><pubDate>Tue, 07 Apr 2020 08:00:00 EST</pubDate></item><item><title>Monmouth University Promotes Jeff Stapleton to Athletic Director</title><link>https://www.washingtonpost.com/sports/colleges/monmouth-u-promotes-jeff-stapleton-to-athletic-director/2021/04/05/efff05a0-9637-11eb-8f0a-3384cf4fb399_story.html</link><description></description><pubDate>Tue, 07 Apr 2020 08:00:00 EST</pubDate></item><item><title>Panel: "Genetics, Genomics, and Racism" April 8</title><link>https://www.monmouth.edu/news/panel-genetics-genomics-and-racism-april-8/</link><description></description><pubDate>Mon, 06 Apr 2020 08:00:00 EST</pubDate></item><item><title>Professor Estes Presents "Weather in Old English Literature" April 10</title><link>https://www.monmouth.edu/news/professor-estes-presents-weather-in-old-english-literature-april-10/</link><description></description><pubDate>Mon, 06 Apr 2020 08:00:00 EST</pubDate></item><item><title>Abate Will Moderate "An Undertaking Overseas: Global Protection of Coastal and Marine Wildlife" April 9</title><link>https://www.monmouth.edu/news/abate-will-moderate-an-undertaking-overseas-global-protection-of-coastal-and-marine-wildlife-april-9/</link><description></description><pubDate>Mon, 06 Apr 2020 08:00:00 EST</pubDate></item><item><title>WATCH: Fletcher Lake Water Quality Sampling Instruction</title><link>https://www.monmouth.edu/uci/2021/03/31/fletcher-lake/</link><description></description><pubDate>Mon, 06 Apr 2020 08:00:00 EST</pubDate></item><item><title>"Gamers are Re-creating All of N.J. in Minecraft, Down to Every Pothole and Jug-handle"</title><link>https://www.nj.com/entertainment/2021/04/gamers-are-re-creating-all-of-nj-in-minecraft-down-to-every-pothole-and-jug-handle.html</link><description></description><pubDate>Sun, 05 Apr 2020 08:00:00 EST</pubDate></item><item><title>Students and Faculty Present at Eastern Psychological Association Conference</title><link>https://www.monmouth.edu/news/students-and-faculty-present-at-eastern-psychological-association-conference/</link><description></description><pubDate>Tue, 31 Mar 2020 08:00:00 EST</pubDate></item><item><title>Murray: "Hate is Thriving in New Jersey"</title><link>https://www.nj.com/opinion/2021/03/hate-is-thriving-in-new-jersey-opinion.html</link><description></description><pubDate>Sun, 29 Mar 2020 08:00:00 EST</pubDate></item><item><title>President Emerita Stafford and "The Long Campaign" for Women's Studies at UNR</title><link>https://www.unr.edu/nevada-today/news/2021/the-long-campaign#rebecca-stafford</link><description></description><pubDate>Thu, 26 Mar 2020 08:00:00 EST</pubDate></item><item><title>WATCH: "Knowing the Flow: Testing Current Meter Technology"</title><link>https://www.monmouth.edu/uci/2021/03/18/knowing-the-flow-testing-current-meter-technology/</link><description></description><pubDate>Thu, 26 Mar 2020 08:00:00 EST</pubDate></item><item><title>Monmouth Weekly Podcast: Institute for Global Understanding Director Randall Abate</title><link>https://www.monmouth.edu/president/podcast/monmouth-weekly-episode-26/</link><description></description><pubDate>Thu, 26 Mar 2020 08:00:00 EST</pubDate></item><item><title>Senior Sean Gerhard Wins "Most Innovative Program" for WMCX Show</title><link>https://www.monmouth.edu/news/senior-sean-gerhard-wins-most-innovative-program-for-wmcx-show/</link><description></description><pubDate>Tue, 24 Mar 2020 08:00:00 EST</pubDate></item><item><title>"COVID-19 and Systemic Racism in Education" Panel April 7</title><link>https://www.monmouth.edu/events/event/covid-19-and-systemic-racism-in-education/</link><description></description><pubDate>Tue, 24 Mar 2020 08:00:00 EST</pubDate></item><item><title>Smithsonian Shines Spotlight on Veit's Bonaparte Research</title><link>https://www.smithsonianmag.com/smart-news/former-king-spain-once-dwelled-new-jersey-now-his-estate-will-become-public-park-180977289/</link><description></description><pubDate>Mon, 23 Mar 2020 08:00:00 EST</pubDate></item><item><title>WATCH: Jack Ford Interviews President Patrick Leahy</title><link>https://www.monmouth.edu/president/2021/03/16/jack-ford-interviews-president-patrick-f-leahy/</link><description></description><pubDate>Sun, 22 Mar 2020 08:00:00 EST</pubDate></item><item><title>WATCH: Professor Bluemel Interviewed by Handheld Press on Inez Holden and Blitz Writing</title><link>https://www.monmouth.edu/news/watch-professor-bluemel-interviewed-by-handheld-press-on-inez-holden-and-blitz-writing/</link><description></description><pubDate>Wed, 18 Mar 2020 08:00:00 EST</pubDate></item><item><title>"Global Fisheries Governance and Social Justice" Online Panel April 8</title><link>https://www.monmouth.edu/uci/2021/03/08/emerging-issues-in-fisheries-governance-webinar-april-8/</link><description></description><pubDate>Tue, 17 Mar 2020 08:00:00 EST</pubDate></item><item><title>Poll: "Most Americans Support Independent Investigation into Capitol Riot"</title><link>https://www.usatoday.com/story/news/politics/2021/03/17/monmouth-poll-most-support-investigation-into-capitol-riot/4719923001/</link><description></description><pubDate>Tue, 17 Mar 2020 08:00:00 EST</pubDate></item><item><title>Professor Moscaliuc Publishes Third Poetry Collection âCemetery Inkâ</title><link>https://www.monmouth.edu/news/mihaela-moscaliuc-publishes-third-poetry-collection-cemetery-ink/</link><description></description><pubDate>Tue, 17 Mar 2020 08:00:00 EST</pubDate></item><item><title>Senior Brittany Macaluso: "The Merit of Social Workers on Social Workers Day"</title><link>https://www.nj.com/opinion/2021/03/the-merit-of-social-workers-on-social-workers-day-opinion.html</link><description></description><pubDate>Tue, 17 Mar 2020 08:00:00 EST</pubDate></item><item><title>Herrington Named Editor-in-Chief of "Journal of Marine Environmental Engineering"</title><link>https://www.monmouth.edu/uci/2021/03/16/herrington-to-guide-journal-of-marine-environmental-engineering/</link><description></description><pubDate>Mon, 16 Mar 2020 08:00:00 EST</pubDate></item><item><title>Singer Lisa Lowell Talks With Springsteen Archives</title><link>https://www.monmouth.edu/news/singer-lisa-lowell-talks-with-springsteen-archives/</link><description></description><pubDate>Mon, 16 Mar 2020 08:00:00 EST</pubDate></item><item><title>"15 Questions That Can Predict Whether Your Relationship Will Last" From Lewandowski</title><link>https://www.independent.co.uk/life-style/love-sex/relationship-love-test-questions-b1810388.html</link><description></description><pubDate>Mon, 16 Mar 2020 08:00:00 EST</pubDate></item><item><title>Professor Richison Publishes in Journal of Network Music and Arts</title><link>https://www.monmouth.edu/news/professor-richison-publishes-in-journal-of-network-music-and-arts/</link><description></description><pubDate>Mon, 16 Mar 2020 08:00:00 EST</pubDate></item><item><title>Monmouth Weekly Podcast: Athletics Update</title><link>https://www.monmouth.edu/president/podcast/monmouth-weekly-episode-25/</link><description></description><pubDate>Sun, 15 Mar 2020 08:00:00 EST</pubDate></item><item><title>Poor Lake Quality Likely a Statewide Problem</title><link>https://nj1015.com/poor-lake-quality-in-monmouth-county-likely-a-statewide-problem/</link><description></description><pubDate>Thu, 12 Mar 2020 08:00:00 EST</pubDate></item><item><title>Professor Callas and Students Lead Workshop at CAA National Conference</title><link>https://www.monmouth.edu/news/professor-callas-and-students-lead-workshop-at-caa-national-conference/</link><description></description><pubDate>Tue, 10 Mar 2020 08:00:00 EST</pubDate></item><item><title>Profs. Scott &amp; Mitchell "Bidenâs $1,400 COVID-19 Checks May Be Great Politics, But itâs Questionable Economics"</title><link>https://theconversation.com/economists-bidens-1-400-covid-19-checks-may-be-great-politics-but-its-questionable-economics-156475</link><description></description><pubDate>Mon, 09 Mar 2020 08:00:00 EST</pubDate></item><item><title>One In Four Remain Unwilling to Get Coronavirus Vaccine: Poll</title><link>https://thehill.com/policy/healthcare/public-global-health/542111-one-in-four-remain-unwilling-to-get-coronavirus</link><description></description><pubDate>Mon, 09 Mar 2020 08:00:00 EST</pubDate></item><item><title>âI Think He Would Cry a Little Bit': After Father Died, 'Village' Raises Monmouth RB Juwon Farri</title><link>https://www.usatoday.com/story/sports/college/monmouth-university/2021/03/08/monmouth-universitiy-nj-football-juwon-farri-father-died/4608857001/</link><description></description><pubDate>Sun, 08 Mar 2020 08:00:00 EST</pubDate></item><item><title>Murray Hosts "A Conversation with Olivia Nuzzi: The Future of American Politics and the Press" March 29</title><link>https://www.monmouth.edu/news/murray-hosts-a-conversation-with-olivia-nuzzi-the-future-of-american-politics-and-the-press-march-24/</link><description></description><pubDate>Thu, 05 Mar 2020 08:00:00 EST</pubDate></item><item><title>Save the Dates to Support All Hawks</title><link>https://www.monmouth.edu/news/save-the-dates-to-support-all-hawks/</link><description></description><pubDate>Thu, 05 Mar 2020 08:00:00 EST</pubDate></item><item><title>New Jersey Digest: Urban Coast Institute Blog "Doing it the Right Way"</title><link>https://thedigestonline.com/blogs/4-new-jersey-colleges-doing-blogs-the-right-way/</link><description></description><pubDate>Wed, 04 Mar 2020 08:00:00 EST</pubDate></item><item><title>ASAP-NJ Award for Professor Jodry</title><link>https://www.monmouth.edu/news/asap-nj-award-for-professor-jodry/</link><description></description><pubDate>Tue, 03 Mar 2020 08:00:00 EST</pubDate></item><item><title>Professor Womack Co-Edits âFandom and the Beatlesâ</title><link>https://www.monmouth.edu/news/professor-womack-co-edits-fandom-and-the-beatles/</link><description></description><pubDate>Tue, 03 Mar 2020 08:00:00 EST</pubDate></item><item><title>School of Social Work Presents "Community in Bloom" March 9</title><link>https://www.monmouth.edu/school-of-social-work/community-in-bloom/</link><description></description><pubDate>Tue, 03 Mar 2020 08:00:00 EST</pubDate></item><item><title>Springsteen Archives Talks Legendary Bruce Performances with Former GRAMMY Awards Producer Ken Ehrlich</title><link>https://www.monmouth.edu/news/springsteen-archives-talks-legendary-bruce-performances-with-former-grammy-awards-producer-ken-ehrlich/</link><description></description><pubDate>Tue, 03 Mar 2020 08:00:00 EST</pubDate></item><item><title>Abate Calls for Environmental, Animal Law Advocates to Partner in Fight Against Climate Change in Columbia Law Journal Article</title><link>https://www.monmouth.edu/uci/2021/03/04/abate-calls-for-environmental-animal-law-advocates-to-partner-in-fight-against-climate-change-in-columbia-law-journal-article/</link><description></description><pubDate>Tue, 03 Mar 2020 08:00:00 EST</pubDate></item><item><title>Womack: "How Harrison's Lifelong Quest for Spiritual Enlightenment Shaped His Music and Life"</title><link>https://www.salon.com/2021/02/25/how-george-harrisons-lifelong-quest-for-spiritual-enlightenment-shaped-his-music-and-life/</link><description></description><pubDate>Tue, 03 Mar 2020 08:00:00 EST</pubDate></item></channel></rss>