<rss version="2.0"><channel><title>Hacker News</title><link>https://news.ycombinator.com/</link><description>Links for the intellectually curious, ranked by readers.</description><item><title>Isamu Akasaki, inventor of first efficient blue LED, has died</title><link>https://www.japantimes.co.jp/news/2021/04/02/national/isamu-akasaki-dies/</link><pubDate>Fri, 2 Apr 2021 18:24:09 +0000</pubDate><comments>https://news.ycombinator.com/item?id=26674244</comments><description><![CDATA[<a href="https://news.ycombinator.com/item?id=26674244">Comments</a>]]></description></item><item><title>Securing a Postgres Database</title><link>https://goteleport.com/blog/securing-postgres-postgresql/</link><pubDate>Fri, 2 Apr 2021 19:02:37 +0000</pubDate><comments>https://news.ycombinator.com/item?id=26674756</comments><description><![CDATA[<a href="https://news.ycombinator.com/item?id=26674756">Comments</a>]]></description></item><item><title>An insider-trading indictment shows ties to Bloomberg News scoops</title><link>https://www.cjr.org/business_of_news/an-insider-trading-indictment-shows-ties-to-bloomberg-news-scoops.php</link><pubDate>Fri, 2 Apr 2021 19:12:17 +0000</pubDate><comments>https://news.ycombinator.com/item?id=26674863</comments><description><![CDATA[<a href="https://news.ycombinator.com/item?id=26674863">Comments</a>]]></description></item><item><title>Microsoft Coffee</title><link>https://www.microsoftcoffee.org/</link><pubDate>Fri, 2 Apr 2021 14:54:56 +0000</pubDate><comments>https://news.ycombinator.com/item?id=26671914</comments><description><![CDATA[<a href="https://news.ycombinator.com/item?id=26671914">Comments</a>]]></description></item><item><title>Has humanity reached ‘peak intelligence’?</title><link>https://www.bbc.com/future/article/20190709-has-humanity-reached-peak-intelligence</link><pubDate>Fri, 2 Apr 2021 20:14:34 +0000</pubDate><comments>https://news.ycombinator.com/item?id=26675460</comments><description><![CDATA[<a href="https://news.ycombinator.com/item?id=26675460">Comments</a>]]></description></item><item><title>1983: Suspended</title><link>https://if50.substack.com/p/1983-suspended</link><pubDate>Thu, 1 Apr 2021 12:06:27 +0000</pubDate><comments>https://news.ycombinator.com/item?id=26659415</comments><description><![CDATA[<a href="https://news.ycombinator.com/item?id=26659415">Comments</a>]]></description></item><item><title>Zenysis (YC W16) is hiring engineers to improve healthcare across Africa and Asia</title><link>https://www.zenysis.com/#careers</link><pubDate>Fri, 2 Apr 2021 21:00:14 +0000</pubDate><comments>https://news.ycombinator.com/item?id=26675942</comments><description><![CDATA[<a href="https://news.ycombinator.com/item?id=26675942">Comments</a>]]></description></item><item><title>An HTTP server in a single .c file</title><link>https://unix4lyfe.org/darkhttpd/</link><pubDate>Fri, 2 Apr 2021 14:48:55 +0000</pubDate><comments>https://news.ycombinator.com/item?id=26671851</comments><description><![CDATA[<a href="https://news.ycombinator.com/item?id=26671851">Comments</a>]]></description></item><item><title>This Blog is now hosted on a GPS&#x2F;LTE modem</title><link>https://nns.ee/blog/2021/04/01/modem-blog.html</link><pubDate>Fri, 2 Apr 2021 07:53:35 +0000</pubDate><comments>https://news.ycombinator.com/item?id=26669749</comments><description><![CDATA[<a href="https://news.ycombinator.com/item?id=26669749">Comments</a>]]></description></item><item><title>Big Book of Amiga Hardware</title><link>https://bigbookofamigahardware.com/</link><pubDate>Fri, 2 Apr 2021 16:46:56 +0000</pubDate><comments>https://news.ycombinator.com/item?id=26673134</comments><description><![CDATA[<a href="https://news.ycombinator.com/item?id=26673134">Comments</a>]]></description></item><item><title>Show HN: Grit – a multitree-based personal task manager</title><link>https://github.com/climech/grit</link><pubDate>Fri, 2 Apr 2021 16:54:57 +0000</pubDate><comments>https://news.ycombinator.com/item?id=26673221</comments><description><![CDATA[<a href="https://news.ycombinator.com/item?id=26673221">Comments</a>]]></description></item><item><title>Exploring Tweets with SQLite and WASM</title><link>https://divu.in/experiments/wasm/twitter-sqlite</link><pubDate>Fri, 2 Apr 2021 21:04:11 +0000</pubDate><comments>https://news.ycombinator.com/item?id=26675984</comments><description><![CDATA[<a href="https://news.ycombinator.com/item?id=26675984">Comments</a>]]></description></item><item><title>Show HN: This website moves your mouse cursor</title><link>https://www.attejuvonen.fi/mouse/</link><pubDate>Thu, 1 Apr 2021 12:56:45 +0000</pubDate><comments>https://news.ycombinator.com/item?id=26659860</comments><description><![CDATA[<a href="https://news.ycombinator.com/item?id=26659860">Comments</a>]]></description></item><item><title>Show HN: Box2D fluid simulation in WebGL and WASM</title><link>https://birchlabs.co.uk/box2d-wasm-liquidfun/</link><pubDate>Fri, 2 Apr 2021 18:32:27 +0000</pubDate><comments>https://news.ycombinator.com/item?id=26674352</comments><description><![CDATA[<a href="https://news.ycombinator.com/item?id=26674352">Comments</a>]]></description></item><item><title>IRS guidance for thieves, drug dealers, and corrupt officials</title><link>https://taxfoundation.org/irs-guidance-thieves-drug-dealers-and-corrupt-officials/</link><pubDate>Fri, 2 Apr 2021 18:26:48 +0000</pubDate><comments>https://news.ycombinator.com/item?id=26674279</comments><description><![CDATA[<a href="https://news.ycombinator.com/item?id=26674279">Comments</a>]]></description></item><item><title>Someone in the Kalahari Collected Crystals 105,000 Years Ago</title><link>https://www.sciencealert.com/someone-in-the-kalahari-collected-crystals-a-whopping-100-000-years-ago</link><pubDate>Thu, 1 Apr 2021 04:26:21 +0000</pubDate><comments>https://news.ycombinator.com/item?id=26656684</comments><description><![CDATA[<a href="https://news.ycombinator.com/item?id=26656684">Comments</a>]]></description></item><item><title>RepoKitteh: Github workflow automation using Starlark</title><link>https://repokitteh.io</link><pubDate>Fri, 2 Apr 2021 19:04:43 +0000</pubDate><comments>https://news.ycombinator.com/item?id=26674781</comments><description><![CDATA[<a href="https://news.ycombinator.com/item?id=26674781">Comments</a>]]></description></item><item><title>Supreme Court sides with Facebook in narrowing the federal robocall ban</title><link>https://www.scotusblog.com/2021/04/supreme-court-sides-with-facebook-in-narrowing-the-federal-robocall-ban/</link><pubDate>Fri, 2 Apr 2021 14:18:02 +0000</pubDate><comments>https://news.ycombinator.com/item?id=26671603</comments><description><![CDATA[<a href="https://news.ycombinator.com/item?id=26671603">Comments</a>]]></description></item><item><title>I bought ISO 8601-1:2019 and 8601-2:2019</title><link>https://www.reddit.com/r/ISO8601/comments/mikuj1/i_bought_iso_860112019_and_860122019_ask_me/</link><pubDate>Fri, 2 Apr 2021 15:33:21 +0000</pubDate><comments>https://news.ycombinator.com/item?id=26672263</comments><description><![CDATA[<a href="https://news.ycombinator.com/item?id=26672263">Comments</a>]]></description></item><item><title>Raspberry Pi 2.5 Gbps OMV NAS Performance</title><link>https://www.jeffgeerling.com/blog/2021/raspberry-pi-25-gbps-16-tb-omv-nas-setup-and-performance</link><pubDate>Fri, 2 Apr 2021 16:31:02 +0000</pubDate><comments>https://news.ycombinator.com/item?id=26672951</comments><description><![CDATA[<a href="https://news.ycombinator.com/item?id=26672951">Comments</a>]]></description></item><item><title>Who Owns the Nile?</title><link>https://blog.datawrapper.de/who-owns-the-nile-map/</link><pubDate>Thu, 1 Apr 2021 15:54:52 +0000</pubDate><comments>https://news.ycombinator.com/item?id=26662121</comments><description><![CDATA[<a href="https://news.ycombinator.com/item?id=26662121">Comments</a>]]></description></item><item><title>CEO of Waymo John Krafcik is leaving</title><link>https://blog.waymo.com/2021/04/capstone-of-my-career-email-from-john.html</link><pubDate>Fri, 2 Apr 2021 17:54:00 +0000</pubDate><comments>https://news.ycombinator.com/item?id=26673892</comments><description><![CDATA[<a href="https://news.ycombinator.com/item?id=26673892">Comments</a>]]></description></item><item><title>Svalbard&#x27;s Alcohol Quotas</title><link>https://www.sysselmannen.no/en/alcohol/</link><pubDate>Fri, 2 Apr 2021 11:00:52 +0000</pubDate><comments>https://news.ycombinator.com/item?id=26670465</comments><description><![CDATA[<a href="https://news.ycombinator.com/item?id=26670465">Comments</a>]]></description></item><item><title>Commoditize your Complement – Strategy (2002)</title><link>https://www.joelonsoftware.com/2002/06/12/strategy-letter-v/</link><pubDate>Thu, 1 Apr 2021 06:18:26 +0000</pubDate><comments>https://news.ycombinator.com/item?id=26657166</comments><description><![CDATA[<a href="https://news.ycombinator.com/item?id=26657166">Comments</a>]]></description></item><item><title>Does LEED Certification Save Energy? Evidence from Federal Buildings</title><link>https://www.nber.org/papers/w28612</link><pubDate>Fri, 2 Apr 2021 12:20:07 +0000</pubDate><comments>https://news.ycombinator.com/item?id=26670813</comments><description><![CDATA[<a href="https://news.ycombinator.com/item?id=26670813">Comments</a>]]></description></item><item><title>The Multi-Generational LRU</title><link>https://lwn.net/SubscriberLink/851184/01351eb745a6405d/</link><pubDate>Fri, 2 Apr 2021 14:48:39 +0000</pubDate><comments>https://news.ycombinator.com/item?id=26671848</comments><description><![CDATA[<a href="https://news.ycombinator.com/item?id=26671848">Comments</a>]]></description></item><item><title>How many lines of code is Candy Japan? (2016)</title><link>https://www.candyjapan.com/behind-the-scenes/how-many-lines-of-code-is-candy-japan</link><pubDate>Fri, 2 Apr 2021 15:12:25 +0000</pubDate><comments>https://news.ycombinator.com/item?id=26672052</comments><description><![CDATA[<a href="https://news.ycombinator.com/item?id=26672052">Comments</a>]]></description></item><item><title>Almost third of UK Covid hospital patients readmitted within four months</title><link>https://www.theguardian.com/world/2021/apr/01/almost-third-of-uk-covid-hospital-patients-readmitted-within-four-months</link><pubDate>Fri, 2 Apr 2021 14:37:53 +0000</pubDate><comments>https://news.ycombinator.com/item?id=26671748</comments><description><![CDATA[<a href="https://news.ycombinator.com/item?id=26671748">Comments</a>]]></description></item><item><title>State in Haskell (1995) [pdf]</title><link>https://www.microsoft.com/en-us/research/wp-content/uploads/2016/07/state-lasc.pdf?from=https%3A%2F%2Fresearch.microsoft.com%2Fen-us%2Fum%2Fpeople%2Fsimonpj%2Fpapers%2Fstate-lasc.pdf</link><pubDate>Fri, 2 Apr 2021 12:20:44 +0000</pubDate><comments>https://news.ycombinator.com/item?id=26670819</comments><description><![CDATA[<a href="https://news.ycombinator.com/item?id=26670819">Comments</a>]]></description></item><item><title>Nuclear should be considered part of clean energy standard, White House says</title><link>https://arstechnica.com/tech-policy/2021/04/nuclear-should-be-considered-part-of-clean-energy-standard-white-house-says/</link><pubDate>Fri, 2 Apr 2021 18:00:55 +0000</pubDate><comments>https://news.ycombinator.com/item?id=26673987</comments><description><![CDATA[<a href="https://news.ycombinator.com/item?id=26673987">Comments</a>]]></description></item></channel></rss>